hashtag,posts,datetime
worldviewmag,641308,2020-10-01 18:05:36.369637
dreamermagazine,1984179,2020-10-01 18:05:41.144125
insomniamagazine,49930,2020-10-01 18:05:47.771863
forthetones,61962,2020-10-01 18:05:50.313509
imaginarymagnitude,1519783,2020-10-01 18:05:54.786041
artclassified,712728,2020-10-01 18:05:57.108054
nowherediary,1295480,2020-10-01 18:06:03.796588
magnificomagazine,330598,2020-10-01 18:06:11.361195
thinkverylittle,1425988,2020-10-01 18:06:15.408656
nightwalkermagazine,349751,2020-10-01 18:06:21.480410
taintedmag,958547,2020-10-01 18:06:27.597729
n8zine,682205,2020-10-01 18:06:31.858377
photography,642336053,2020-10-01 18:06:38.970847
thegraphicspr0ject,913490,2020-10-01 18:06:42.234325
somewheremagazine,6129990,2020-10-01 18:06:50.092020
surreal42,1251847,2020-10-01 18:06:54.612231
insomniamag,318675,2020-10-01 18:06:59.649496
enter_imagination,1215469,2020-10-01 18:07:01.861416
cinesomnia,135133,2020-10-01 18:07:07.028240
illustration,141516679,2020-10-01 18:07:10.418252
illustrator,31700928,2020-10-01 18:07:14.859172
ink,75313865,2020-10-01 18:07:19.413564
drawing,204979627,2020-10-01 18:07:26.537276
portrait,132528375,2020-10-01 18:07:31.915938
portraitillustrator,9339,2020-10-01 18:07:34.131750
nycartist,647301,2020-10-01 18:07:36.995654
worldviewmag,641319,2020-10-01 18:17:12.543924
dreamermagazine,1984186,2020-10-01 18:17:18.183700
insomniamagazine,49929,2020-10-01 18:17:24.096155
forthetones,61962,2020-10-01 18:17:30.726408
imaginarymagnitude,1519789,2020-10-01 18:17:38.770005
artclassified,712731,2020-10-01 18:17:41.068804
nowherediary,1295488,2020-10-01 18:17:43.095793
magnificomagazine,330603,2020-10-01 18:17:48.925275
thinkverylittle,1426003,2020-10-01 18:17:51.996471
nightwalkermagazine,349754,2020-10-01 18:17:56.497602
taintedmag,958550,2020-10-01 18:18:00.552299
n8zine,682214,2020-10-01 18:18:09.288278
photography,642337748,2020-10-01 18:18:14.219406
thegraphicspr0ject,913494,2020-10-01 18:18:17.890460
somewheremagazine,6130013,2020-10-01 18:18:20.892101
surreal42,1251852,2020-10-01 18:18:23.922469
insomniamag,318676,2020-10-01 18:18:32.217225
enter_imagination,1215474,2020-10-01 18:18:39.512695
cinesomnia,135139,2020-10-01 18:18:43.886340
illustration,141517694,2020-10-01 18:18:47.267335
illustrator,31701125,2020-10-01 18:18:51.048903
ink,75314663,2020-10-01 18:18:54.514663
drawing,204981101,2020-10-01 18:19:01.713436
portrait,132528676,2020-10-01 18:19:04.704456
portraitillustrator,9339,2020-10-01 18:19:10.914667
nycartist,647305,2020-10-01 18:19:16.522431
